{"train_time": 901.2056472301483, "test_auc": 0.6338216249999999, "test_time": 1.0488460063934326}