{"train_time": 524.3715553283691, "test_auc": 0.7498344620656628, "test_time": 0.9594826698303223}