{"train_time": 143.6740322113037, "test_auc": 0.8708416670437575, "test_time": 1.03401780128479}