{"train_time": 688.9878580570221, "test_auc": 0.6604020451165478, "test_time": 0.9203062057495117}