{"train_time": 519.512532711029, "test_auc": 0.7534440917318541, "test_time": 0.9307253360748291}