{"train_time": 10.486791849136353, "test_auc": 0.19184061347572218, "test_time": 5.034000396728516}